{"cameraMode":{"drawMode":0,"name":"Shaded","section":"Shading Mode"},"sceneLighting":true,"audioPlay":false,"sceneViewState":{"m_AlwaysRefresh":false,"showFog":true,"showSkybox":true,"showFlares":true,"showImageEffects":true,"showParticleSystems":true,"showVisualEffectGraphs":true,"m_FxEnabled":true},"in2DMode":false,"pivot":{"x":7.914797782897949,"y":2.9434118270874025,"z":-2.030626058578491},"rotation":{"x":0.10874007642269135,"y":-0.8813285231590271,"z":0.24705322086811067,"w":0.38786977529525759},"size":1.5693984031677247,"orthographic":false}